wylie	English	note
'di ring gi brjod bya	Today's topics	lesson-outline heading; brjod bya = topic(s)
'chi ba mi rtag pa	death and impermanence	coordinate set phrase (so used in Gyaltsab's Four Hundred commentary)
bsam pa (heading)	Contemplating	'chi ba mi rtag pa bsam pa, 'khor ba sdug bsngal bsam pa; contrast sgom pa = meditating
mi rtag pa	impermanence	
rags pa'i mi rtag pa	gross impermanence	Alt: coarse (MITRA); not defined in the notes
phra ba'i mi rtag pa	subtle impermanence	defined in U01: things change from moment to moment
dngos po	things	plain for this audience; not 'phenomena' / 'functioning things'
skad cig skad cig gi	from moment to moment	
'gyur 'gro	change	modern compound; rendered as the verb
rang nyid 'chi ba mi rtag	your own death and impermanence	rang nyid = whose death (no ergative); U01 heading
sgom tshul	how to meditate	heading
sgom pa'i thabs	ways to meditate	thabs gsum = three ways; the tradition's rtsa ba gsum
sgom pa	meditating	list items: Meditating that …
bdag nges par 'chi ba	I will certainly die	first person kept (the meditator's own thought)
nam 'chi cha med	the time of death is uncertain	second of the three roots
shi tshe	at death	
chos	the Dharma	capitalized; the Dharma one practises: nothing but the Dharma will help
las	karma	anglicized, common dictionary word
las 'bras	karma and its results	
skor (heading)	On …	las 'bras skor = On karma and its results
'jig rten sna tshogs	the world's variety	per the Kośa Bhāṣya: the world of beings and the container world in their variety
las las grub	comes from karma	quotation and example alike (Kośa: las las … skyes)
phyi snod 'jig rten	the outer world, the environment	snod (container) image let go; snod bcud = environment and inhabitants
rgyu	cause	rgyu las las grub = comes from karma as its cause
'khor ba	samsara	anglicized, lowercase, no diacritics
sdug bsngal	suffering	
sdug bsngal gsum	the three kinds of suffering	
sdug bsngal gyi sdug bsngal	the suffering of suffering	
'gyur ba'i sdug bsngal	the suffering of change	
khyab pa 'du byed kyi sdug bsngal	the pervasive suffering of conditioning	khyab pa = pervasive (not kun khyab); Alt: all-pervasive suffering of conditioned existence
rang bzhin	nature	… gyi rang bzhin du = by nature …
shes par byed	recognize	U03
thar 'dod kyi blo	the wish to be free	de las thar 'dod kyi blo = the wish to be free from it
nges 'byung	renunciation	defined in U03 (source spells nges 'byungs)
… la X gsungs kyis yod	this is what the teachings call X	honorific naming (colloquial gsung gi yod); no agent invented
X las … gsungs pa ltar	As the *Title* says:	frame before a verse line set as a block; keeps ltar
TITLE	Treasury of Abhidharma	chos mngon pa'i mdzod (chos mngon pa'i mdzod kyi tshig le'ur byas pa; mngon pa mdzod)	Abhidharmakośa(kārikā)	Toh 4089 (Tengyur), Degé mngon pa ku, f. 10b (segment 10b-43)
